tarih,ort_izleyici
2016-11-17,160162
2016-11-18,121403
2016-11-19,203652
2016-11-20,222207
2016-11-21,189689
2016-11-22,111045
2016-11-23,117220
2016-11-24,130597
2016-11-25,105269
2016-11-26,122690
2016-11-27,134803
2016-11-28,75245
2016-11-29,69261
2016-11-30,194404
2016-12-01,167733
2016-12-02,171317
2016-12-03,184892
2016-12-04,183841
2016-12-05,53396
2016-12-06,55178
2016-12-07,54360
2016-12-08,53694
2016-12-09,120052
2016-12-10,169718
2016-12-11,190132
2016-12-12,167972
2016-12-13,73447
2016-12-14,58325
2016-12-15,184376
2016-12-16,167791
2016-12-17,185447
2016-12-18,236838
2016-12-19,218402
2016-12-20,67926
2016-12-21,81364
2016-12-22,84236
2016-12-23,72555
2016-12-24,51107
2016-12-25,46936
2016-12-26,61969
2016-12-27,96650
2016-12-28,81898
2016-12-29,111238
2016-12-30,67966
2016-12-31,66383
2017-01-01,81469
2017-01-02,86353
2017-01-03,73731
2017-01-04,74331
2017-01-05,121973
2017-01-06,93191
2017-01-07,163876
2017-01-08,229842
2017-01-09,138408
2017-01-10,78517
2017-01-11,77430
2017-01-12,69930
2017-01-13,88043
2017-01-14,138057
2017-01-15,179309
2017-01-16,67682
2017-01-17,114644
2017-01-18,95439
2017-01-19,72528
2017-01-20,61664
2017-01-21,89354
2017-01-22,739487
2017-01-23,737304
2017-01-24,760787
2017-01-25,736652
2017-01-26,435322
2017-01-27,767327
2017-01-28,865608
2017-01-29,1153507
2017-01-30,92894
2017-01-31,65236
2017-02-01,93175
2017-02-02,104053
2017-02-03,64359
2017-02-04,159270
2017-02-05,154290
2017-02-06,108889
2017-02-07,146560
2017-02-08,145538
2017-02-09,126398
2017-02-10,80702
2017-02-11,94626
2017-02-12,101989
2017-02-13,80622
2017-02-14,70636
2017-02-15,244829
2017-02-16,216829
2017-02-17,256139
2017-02-18,321222
2017-02-19,460579
2017-02-20,373267
2017-02-21,85727
2017-02-22,112744
2017-02-23,102726
2017-02-24,78977
2017-02-25,84355
2017-02-26,135982
2017-02-27,130172
2017-02-28,90653
2017-03-01,310723
2017-03-02,351620
2017-03-03,270396
2017-03-04,237951
2017-03-05,506566
2017-03-06,95280
2017-03-07,113763
2017-03-08,114948
2017-03-09,99285
2017-03-10,98452
2017-03-11,102614
2017-03-12,111481
2017-03-13,79123
2017-03-14,98295
2017-03-15,123856
2017-03-16,140135
2017-03-17,78102
2017-03-18,88786
2017-03-19,70883
2017-03-20,111794
2017-03-21,124113
2017-03-22,121624
2017-03-23,85389
2017-03-24,57357
2017-03-25,73710
2017-03-26,89164
2017-03-27,70402
2017-03-28,79892
2017-03-29,103560
2017-03-30,100000
2017-03-31,66275
2017-04-01,61947
2017-04-02,98184
2017-04-03,100574
2017-04-04,177070
2017-04-05,268675
2017-04-06,267187
2017-04-07,240364
2017-04-08,281583
2017-04-09,417248
2017-04-10,58303
2017-04-11,69295
2017-04-12,86984
2017-04-13,94807
2017-04-14,58467
2017-04-15,56748
2017-04-16,42711
2017-04-17,70522
2017-04-18,67219
2017-04-19,77647
2017-04-20,147754
2017-04-21,128725
2017-04-22,195598
2017-04-23,179132
2017-04-24,187054
2017-04-25,75673
2017-04-26,66796
2017-04-27,72898
2017-04-28,105786
2017-04-29,119787
2017-04-30,159712
2017-05-01,137935
2017-05-02,60211
2017-05-03,82376
2017-05-04,83857
2017-05-05,61724
2017-05-06,157997
2017-05-07,194589
2017-05-08,153051
2017-05-09,77850
2017-05-10,66813
2017-05-11,108290
2017-05-12,52703
2017-05-13,97517
2017-05-14,114932
2017-05-15,72223
2017-05-16,86376
2017-05-17,56268
2017-05-18,69151
2017-05-19,75162
2017-05-20,51448
2017-05-21,69674
2017-05-22,61976
2017-05-23,46975
2017-05-24,46142
2017-05-25,37118
2017-05-26,29558
2017-05-27,33818
2017-05-28,37608
2017-05-29,58542
2017-05-30,72721
2017-05-31,71054
2017-06-01,70598
2017-06-02,22233
2017-06-03,79474
2017-06-04,122394
2017-06-05,58577
2017-06-06,49997
2017-06-07,54765
2017-06-08,67342
2017-06-09,70860
2017-06-10,71193
2017-06-11,109860
2017-06-12,78270
2017-06-13,61957
2017-06-14,51393
2017-06-15,66257
2017-06-16,66751
2017-06-17,132551
2017-06-18,162322
2017-06-19,274780
2017-06-20,47684
2017-06-21,44323
2017-06-22,39567
2017-06-23,26734
2017-06-24,63730
2017-06-25,62928
2017-06-26,44408
2017-06-27,32519
2017-06-28,35207
2017-06-29,157913
2017-06-30,160532
2017-07-01,154040
2017-07-02,214865
2017-07-03,56784
2017-07-04,326477
2017-07-05,205754
2017-07-06,236783
2017-07-07,273687
2017-07-08,376863
2017-07-09,482085
2017-07-10,38270
2017-07-11,65525
2017-07-12,33136
2017-07-13,89883
2017-07-14,76041
2017-07-15,126769
2017-07-16,597510
2017-07-17,612164
2017-07-18,686570
2017-07-19,633228
2017-07-20,41838
2017-07-21,678749
2017-07-22,738403
2017-07-23,947451
2017-07-24,57717
2017-07-25,75007
2017-07-26,70916
2017-07-27,73827
2017-07-28,54566
2017-07-29,56809
2017-07-30,68918
2017-07-31,66497
2017-08-01,51181
2017-08-02,49475
2017-08-03,49121
2017-08-04,29505
2017-08-05,26878
2017-08-06,32654
2017-08-07,29596
2017-08-08,34832
2017-08-09,61087
2017-08-10,37908
2017-08-11,40028
2017-08-12,38862
2017-08-13,37398
2017-08-14,42271
2017-08-15,52886
2017-08-16,46075
2017-08-17,64187
2017-08-18,53357
2017-08-19,107071
2017-08-20,91258
2017-08-21,53892
2017-08-22,81919
2017-08-23,72301
2017-08-24,61283
2017-08-25,83372
2017-08-26,65838
2017-08-27,125207
2017-08-28,38526
2017-08-29,56427
2017-08-30,206843
2017-08-31,207314
2017-09-01,214084
2017-09-02,286083
2017-09-03,273583
2017-09-04,47882
2017-09-05,55630
2017-09-06,55155
2017-09-07,127732
2017-09-08,96954
2017-09-09,168212
2017-09-10,162898
2017-09-11,41926
2017-09-12,41136
2017-09-13,40510
2017-09-14,46042
2017-09-15,171692
2017-09-16,274624
2017-09-17,287978
2017-09-18,59717
2017-09-19,48626
2017-09-20,67912
2017-09-21,83689
2017-09-22,90766
2017-09-23,119626
2017-09-24,68344
2017-09-25,80669
2017-09-26,65107
2017-09-27,70641
2017-09-28,74815
2017-09-29,75812
2017-09-30,159987
2017-10-01,108069
2017-10-02,86934
2017-10-03,76873
2017-10-04,104475
2017-10-05,68230
2017-10-06,69436
2017-10-07,64780
2017-10-08,95374
2017-10-09,63173
2017-10-10,134675
2017-10-11,129471
2017-10-12,158332
2017-10-13,88609
2017-10-14,86518
2017-10-15,108973
2017-10-16,58345
2017-10-17,64910
2017-10-18,100774
2017-10-19,82539
2017-10-20,70464
2017-10-21,78472
2017-10-22,124163
2017-10-23,101735
2017-10-24,185378
2017-10-25,243272
2017-10-26,151503
2017-10-27,33357
2017-10-28,259715
2017-10-29,574516
2017-10-30,45466
2017-10-31,39632
2017-11-01,88150
2017-11-02,90450
2017-11-03,96265
2017-11-04,126012
2017-11-05,126346
2017-11-06,41272
2017-11-07,52427
2017-11-08,80367
2017-11-09,66433
2017-11-10,73966
2017-11-11,102795
2017-11-12,92357
2017-11-13,57644
2017-11-14,157600
2017-11-15,220731
2017-11-16,165828
2017-11-17,126725
2017-11-18,251800
2017-11-19,280769
2017-11-20,239804
2017-11-21,49651
2017-11-22,66543
2017-11-23,48427
2017-11-24,131403
2017-11-25,267021
2017-11-26,100635
2017-11-27,69692
2017-11-28,46922
2017-11-29,40539
2017-11-30,49540
2017-12-01,166318
2017-12-02,126001
2017-12-03,228669
2017-12-04,49310
2017-12-05,89113
2017-12-06,104426
2017-12-07,54946
2017-12-08,61451
2017-12-09,94825
2017-12-10,210784
2017-12-11,44991
2017-12-12,45911
2017-12-13,52946
2017-12-14,43269
2017-12-15,39355
2017-12-16,38596
2017-12-17,46286
2017-12-18,46668
2017-12-19,47810
2017-12-20,40114
2017-12-21,51786
2017-12-22,34899
2017-12-23,44403
2017-12-24,29539
2017-12-25,48821
2017-12-26,51872
2017-12-27,47941
2017-12-28,55728
2017-12-29,38291
2017-12-30,40584
2017-12-31,19500
2018-01-01,62725
2018-01-02,52209
2018-01-03,57307
2018-01-04,57086
2018-01-05,80588
2018-01-06,81827
2018-01-07,120850
2018-01-08,53438
2018-01-09,38211
2018-01-10,35032
2018-01-11,37014
2018-01-12,417848
2018-01-13,450369
2018-01-14,539762
2018-01-15,525128
2018-01-16,328837
2018-01-17,50247
2018-01-18,55390
2018-01-19,542312
2018-01-20,599748
2018-01-21,696571
2018-01-22,606514
2018-01-23,394064
2018-01-24,63833
2018-01-25,54906
2018-01-26,623282
2018-01-27,814933
2018-01-28,1304870
2018-01-29,251875
2018-01-30,75349
2018-01-31,80500
2018-02-01,90426
2018-02-02,74512
2018-02-03,115362
2018-02-04,134766
2018-02-05,107438
2018-02-06,63499
2018-02-07,60210
2018-02-08,124535
2018-02-09,160756
2018-02-10,144240
2018-02-11,181387
2018-02-12,152067
2018-02-13,94722
2018-02-14,102807
2018-02-15,88831
2018-02-16,35930
2018-02-17,204105
2018-02-18,304732
2018-02-19,264748
2018-02-20,260743
2018-02-21,171254
2018-02-22,65942
2018-02-23,231320
2018-02-24,293168
2018-02-25,372873
2018-02-26,49892
2018-02-27,254107
2018-02-28,223579
2018-03-01,270227
2018-03-02,330117
2018-03-03,262373
2018-03-04,503929
2018-03-05,50537
2018-03-06,61989
2018-03-07,75198
2018-03-08,64071
2018-03-09,46107
2018-03-10,37291
2018-03-11,53974
2018-03-12,54646
2018-03-13,71507
2018-03-14,74197
2018-03-15,70117
2018-03-16,51449
2018-03-17,61906
2018-03-18,67209
2018-03-19,49358
2018-03-20,61371
2018-03-21,83517
2018-03-22,57487
2018-03-23,88160
2018-03-24,54746
2018-03-25,248396
2018-03-26,68779
2018-03-27,41660
2018-03-28,44326
2018-03-29,101369
2018-03-30,112264
2018-03-31,81309
2018-04-01,40211
2018-04-02,69849
2018-04-03,81167
2018-04-04,95221
2018-04-05,84770
2018-04-06,48800
2018-04-07,80724
2018-04-08,111544
2018-04-09,39275
2018-04-10,65693
2018-04-11,89902
2018-04-12,64441
2018-04-13,38698
2018-04-14,45934
2018-04-15,50450
2018-04-16,42358
2018-04-17,42968
2018-04-18,162690
2018-04-19,167303
2018-04-20,142154
2018-04-21,225951
2018-04-22,334541
2018-04-23,44268
2018-04-24,48917
2018-04-25,78473
2018-04-26,71907
2018-04-27,46126
2018-04-28,29828
2018-04-29,32827
2018-04-30,40690
2018-05-01,132363
2018-05-02,97775
2018-05-03,84918
2018-05-04,132936
2018-05-05,142749
2018-05-06,225462
2018-05-07,46183
2018-05-08,37745
2018-05-09,53957
2018-05-10,33407
2018-05-11,89857
2018-05-12,60826
2018-05-13,72496
2018-05-14,40433
2018-05-15,84268
2018-05-16,93498
2018-05-17,118685
2018-05-18,94443
2018-05-19,117242
2018-05-20,103891
2018-05-21,66499
2018-05-22,55593
2018-05-23,101171
2018-05-24,78769
2018-05-25,47117
2018-05-26,44517
2018-05-27,34589
2018-05-28,122315
2018-05-29,143419
2018-05-30,176448
2018-05-31,171966
2018-06-01,112684
2018-06-02,267002
2018-06-03,278733
2018-06-04,41264
2018-06-05,61551
2018-06-06,53793
2018-06-07,48185
2018-06-08,33060
2018-06-09,33792
2018-06-10,86748
2018-06-11,48996
2018-06-12,36808
2018-06-13,75198
2018-06-14,91835
2018-06-15,60251
2018-06-16,73056
2018-06-17,73580
2018-06-18,130574
2018-06-19,31849
2018-06-20,39942
2018-06-21,36381
2018-06-22,36469
2018-06-23,42146
2018-06-24,39621
2018-06-25,42316
2018-06-26,55831
2018-06-27,73118
2018-06-28,39644
2018-06-29,48956
2018-06-30,54723
2018-07-01,56885
2018-07-02,40565
2018-07-03,94466
2018-07-04,86810
2018-07-05,113598
2018-07-06,91676
2018-07-07,167492
2018-07-08,201633
2018-07-09,50698
2018-07-10,57136
2018-07-11,45826
2018-07-12,72639
2018-07-13,94129
2018-07-14,93962
2018-07-15,37183
2018-07-16,41417
2018-07-17,38329
2018-07-18,41697
2018-07-19,61559
2018-07-20,70919
2018-07-21,169067
2018-07-22,178732
2018-07-23,184059
2018-07-24,237441
2018-07-25,203244
2018-07-26,116443
2018-07-27,45384
2018-07-28,199325
2018-07-29,231231
2018-07-30,42244
2018-07-31,43961
2018-08-01,65224
2018-08-02,56604
2018-08-03,37428
2018-08-04,85524
2018-08-05,82962
2018-08-06,54992
2018-08-07,38641
2018-08-08,35649
2018-08-09,35789
2018-08-10,30316
2018-08-11,36836
2018-08-12,33214
2018-08-13,37932
2018-08-14,38377
2018-08-15,35310
2018-08-16,45840
2018-08-17,34854
2018-08-18,40585
2018-08-19,45606
2018-08-20,37014
2018-08-21,37570
2018-08-22,35332
2018-08-23,50368
2018-08-24,98138
2018-08-25,124058
2018-08-26,74696
2018-08-27,40538
2018-08-28,47911
2018-08-29,154950
2018-08-30,187313
2018-08-31,159478
2018-09-01,230176
2018-09-02,254788
2018-09-03,60112
2018-09-04,46900
2018-09-05,419195
2018-09-06,344713
2018-09-07,370116
2018-09-08,371489
2018-09-09,387717
2018-09-10,56178
2018-09-11,38460
2018-09-12,486228
2018-09-13,410661
2018-09-14,462870
2018-09-15,502041
2018-09-16,553397
2018-09-17,55131
2018-09-18,61732
2018-09-19,73128
2018-09-20,547715
2018-09-21,539367
2018-09-22,677168
2018-09-23,866617
2018-09-24,76055
2018-09-25,71491
2018-09-26,119912
2018-09-27,73721
2018-09-28,197363
2018-09-29,258948
2018-09-30,82876
2018-10-01,65941
2018-10-02,66103
2018-10-03,77476
2018-10-04,75255
2018-10-05,70595
2018-10-06,59507
2018-10-07,83532
2018-10-08,87158
2018-10-09,95677
2018-10-10,111038
2018-10-11,55201
2018-10-12,69941
2018-10-13,88245
2018-10-14,93750
2018-10-15,70325
2018-10-16,73839
2018-10-17,73810
2018-10-18,82415
2018-10-19,90021
2018-10-20,85725
2018-10-21,88711
2018-10-22,89832
2018-10-23,101191
2018-10-24,79320
2018-10-25,120206
2018-10-26,48527
2018-10-27,107561
2018-10-28,219565
2018-10-29,48637
2018-10-30,67458
2018-10-31,61139
2018-11-01,77341
2018-11-02,210471
2018-11-03,221567
2018-11-04,83719
2018-11-05,54609
2018-11-06,137366
2018-11-07,150594
2018-11-08,135802
2018-11-09,121428
2018-11-10,248313
2018-11-11,298219
2018-11-12,52516
2018-11-13,82505
2018-11-14,88532
2018-11-15,53067
2018-11-16,75779
2018-11-17,69819
2018-11-18,124996
2018-11-19,102533
2018-11-20,52325
2018-11-21,45277
2018-11-22,102470
2018-11-23,50520
2018-11-24,47487
2018-11-25,70160
2018-11-26,43480
2018-11-27,78383
2018-11-28,85155
2018-11-29,121566
2018-11-30,94507
2018-12-01,106860
2018-12-02,113693
2018-12-03,59759
2018-12-04,83848
2018-12-05,109812
2018-12-06,216265
2018-12-07,145109
2018-12-08,106397
2018-12-09,183319
2018-12-10,49145
2018-12-11,59826
2018-12-12,114380
2018-12-13,142527
2018-12-14,213455
2018-12-15,273267
2018-12-16,50693
2018-12-17,58042
2018-12-18,94671
2018-12-19,77452
2018-12-20,54882
2018-12-21,65353
2018-12-22,38555
2018-12-23,62691
2018-12-24,57580
2018-12-25,59345
2018-12-26,53476
2018-12-27,43063
2018-12-28,38644
2018-12-29,40813
2018-12-30,56979
2018-12-31,32977
2019-01-01,32682
2019-01-02,35665
2019-01-03,43752
2019-01-04,80274
2019-01-05,84700
2019-01-06,120925
2019-01-07,134307
2019-01-08,53305
2019-01-09,73004
2019-01-10,67013
2019-01-11,40463
2019-01-12,67143
2019-01-13,61160
2019-01-14,87064
2019-01-15,60036
2019-01-16,116836
2019-01-17,151256
2019-01-18,116059
2019-01-19,172501
2019-01-20,195103
2019-01-21,99660
2019-01-22,121752
2019-01-23,129664
2019-01-24,172238
2019-01-25,137599
2019-01-26,155196
2019-01-27,193881
2019-01-28,147361
2019-01-29,81352
2019-01-30,77532
2019-01-31,77662
2019-02-01,67066
2019-02-02,92055
2019-02-03,93926
2019-02-04,61982
2019-02-05,77968
2019-02-06,134728
2019-02-07,100773
2019-02-08,93565
2019-02-09,49895
2019-02-10,52251
2019-02-11,53810
2019-02-12,54789
2019-02-13,339874
2019-02-14,298107
2019-02-15,232083
2019-02-16,334271
2019-02-17,316847
2019-02-18,73208
2019-02-19,63458
2019-02-20,476980
2019-02-21,455160
2019-02-22,435345
2019-02-23,381954
2019-02-24,452277
2019-02-25,59975
2019-02-26,61959
2019-02-27,70426
2019-02-28,515166
2019-03-01,535421
2019-03-02,829413
2019-03-03,832050
2019-03-04,52329
2019-03-05,66083
2019-03-06,59636
2019-03-07,58101
2019-03-08,45415
2019-03-09,37635
2019-03-10,61633
2019-03-11,120370
2019-03-12,111951
2019-03-13,90234
2019-03-14,102841
2019-03-15,46591
2019-03-16,122470
2019-03-17,98405
2019-03-18,115543
2019-03-19,79016
2019-03-20,93209
2019-03-21,86996
2019-03-22,272018
2019-03-23,291066
2019-03-24,174223
2019-03-25,53656
2019-03-26,55976
2019-03-27,68248
2019-03-28,60678
2019-03-29,49962
2019-03-30,141156
2019-03-31,162428
2019-04-01,137760
2019-04-02,204778
2019-04-03,127770
2019-04-04,52924
2019-04-05,105756
2019-04-06,175469
2019-04-07,251558
2019-04-08,66679
2019-04-09,53853
2019-04-10,69527
2019-04-11,56347
2019-04-12,248470
2019-04-13,310840
2019-04-14,70087
2019-04-15,68004
2019-04-16,88760
2019-04-17,81800
2019-04-18,105751
2019-04-19,146323
2019-04-20,154007
2019-04-21,156443
2019-04-22,91405
2019-04-23,102841
2019-04-24,95168
2019-04-25,94415
2019-04-26,68664
2019-04-27,61887
2019-04-28,70221
2019-04-29,49242
2019-04-30,72011
2019-05-01,92629
2019-05-02,90697
2019-05-03,164614
2019-05-04,147902
2019-05-05,221507
2019-05-06,45115
2019-05-07,53608
2019-05-08,60250
2019-05-09,59622
2019-05-10,186221
2019-05-11,233266
2019-05-12,65025
2019-05-13,119868
2019-05-14,112177
2019-05-15,97068
2019-05-16,121175
2019-05-17,98632
2019-05-18,52037
2019-05-19,73098
2019-05-20,58834
2019-05-21,145483
2019-05-22,109100
2019-05-23,171634
2019-05-24,112192
2019-05-25,120602
2019-05-26,121324
2019-05-27,68299
2019-05-28,123503
2019-05-29,110017
2019-05-30,162917
2019-05-31,126697
2019-06-01,129232
2019-06-02,237869
2019-06-03,53227
2019-06-04,66824
2019-06-05,57349
2019-06-06,163647
2019-06-07,209467
2019-06-08,177726
2019-06-09,230028
2019-06-10,82775
2019-06-11,90116
2019-06-12,79082
2019-06-13,65514
2019-06-14,63267
2019-06-15,71172
2019-06-16,74537
2019-06-17,93133
2019-06-18,163694
2019-06-19,160178
2019-06-20,228938
2019-06-21,219489
2019-06-22,199889
2019-06-23,350252
2019-06-24,45258
2019-06-25,57322
2019-06-26,57023
2019-06-27,79054
2019-06-28,50343
2019-06-29,59304
2019-06-30,50049
2019-07-01,49919
2019-07-02,304345
2019-07-03,270063
2019-07-04,273589
2019-07-05,310037
2019-07-06,394388
2019-07-07,434345
2019-07-08,57906
2019-07-09,77360
2019-07-10,52997
2019-07-11,66292
2019-07-12,67591
2019-07-13,204473
2019-07-14,161293
2019-07-15,111201
2019-07-16,66450
2019-07-17,100649
2019-07-18,204697
2019-07-19,204349
2019-07-20,228500
2019-07-21,257359
2019-07-22,54395
2019-07-23,64102
2019-07-24,72337
2019-07-25,78145
2019-07-26,71036
2019-07-27,72909
2019-07-28,78043
2019-07-29,106518
2019-07-30,65039
2019-07-31,66629
2019-08-01,54304
2019-08-02,71507
2019-08-03,84873
2019-08-04,84969
2019-08-05,105817
2019-08-06,73737
2019-08-07,73797
2019-08-08,102589
2019-08-09,91787
2019-08-10,57462
2019-08-11,64941
2019-08-12,67798
2019-08-13,60809
2019-08-14,67772
2019-08-15,77044
2019-08-16,65870
2019-08-17,70039
2019-08-18,83295
2019-08-19,87933
2019-08-20,96957
2019-08-21,66176
2019-08-22,94008
2019-08-23,310112
2019-08-24,293627
2019-08-25,286237
2019-08-26,266876
2019-08-27,66927
2019-08-28,517621
2019-08-29,431732
2019-08-30,397373
2019-08-31,394126
2019-09-01,439818
2019-09-02,60545
2019-09-03,66418
2019-09-04,62970
2019-09-05,481220
2019-09-06,568876
2019-09-07,458729
2019-09-08,660048
2019-09-09,61414
2019-09-10,58464
2019-09-11,87250
2019-09-12,72495
2019-09-13,295559
2019-09-14,264418
2019-09-15,57657
2019-09-16,98969
2019-09-17,92394
2019-09-18,132402
2019-09-19,148216
2019-09-20,174732
2019-09-21,95808
2019-09-22,184726
2019-09-23,66492
2019-09-24,59015
2019-09-25,66034
2019-09-26,238243
2019-09-27,194606
2019-09-28,286654
2019-09-29,375308
2019-09-30,100627
2019-10-01,200007
2019-10-02,222402
2019-10-03,266951
2019-10-04,203770
2019-10-05,328381
2019-10-06,381615
2019-10-07,112507
2019-10-08,123279
2019-10-09,150845
2019-10-10,163896
2019-10-11,139263
2019-10-12,111639
2019-10-13,124571
2019-10-14,159906
2019-10-15,107857
2019-10-16,161167
2019-10-17,119998
2019-10-18,119725
2019-10-19,173426
2019-10-20,106922
2019-10-21,161618
2019-10-22,198191
2019-10-23,146158
2019-10-24,133141
2019-10-25,130587
2019-10-26,143559
2019-10-27,177294
2019-10-28,111864
2019-10-29,100235
2019-10-30,96021
2019-10-31,96045
2019-11-01,235326
2019-11-02,299143
2019-11-03,106045
2019-11-04,70396
2019-11-05,72397
2019-11-06,71979
2019-11-07,82577
2019-11-08,118955
2019-11-09,167746
2019-11-10,117595
2019-11-11,76415
2019-11-12,66376
2019-11-13,110461
2019-11-14,121875
2019-11-15,97126
2019-11-16,139228
2019-11-17,129685
2019-11-18,116351
2019-11-19,112830
2019-11-20,79311
2019-11-21,115014
2019-11-22,71723
2019-11-23,98460
2019-11-24,156117
2019-11-25,75095
2019-11-26,117758
2019-11-27,75235
2019-11-28,171596
2019-11-29,169703
2019-11-30,187103
2019-12-01,219740
2019-12-02,180271
2019-12-03,214127
2019-12-04,233313
2019-12-05,234483
2019-12-06,190961
2019-12-07,285382
2019-12-08,343822
2019-12-09,95766
2019-12-10,98137
2019-12-11,91093
2019-12-12,225105
2019-12-13,212095
2019-12-14,235177
2019-12-15,135479
2019-12-16,105363
2019-12-17,157406
2019-12-18,155012
2019-12-19,172974
2019-12-20,77839
2019-12-21,231675
2019-12-22,197931
2019-12-23,70513
2019-12-24,56755
2019-12-25,59669
2019-12-26,59105
2019-12-27,71573
2019-12-28,64027
2019-12-29,76663
2019-12-30,66628
2019-12-31,49902
2020-01-01,79534
2020-01-02,54778
2020-01-03,113733
2020-01-04,84777
2020-01-05,79577
2020-01-06,78020
2020-01-07,106756
2020-01-08,107322
2020-01-09,139325
2020-01-10,150540
2020-01-11,91833
2020-01-12,84222
2020-01-13,131901
2020-01-14,89859
2020-01-15,113237
2020-01-16,86532
2020-01-17,92601
2020-01-18,74674
2020-01-19,97675
2020-01-20,116064
2020-01-21,86288
2020-01-22,103498
2020-01-23,101662
2020-01-24,97706
2020-01-25,111233
2020-01-26,117499
2020-01-27,96495
2020-01-28,77388
2020-01-29,102777
2020-01-30,81330
2020-01-31,257116
2020-02-01,296549
2020-02-02,231668
2020-02-03,129012
2020-02-04,135828
2020-02-05,189580
2020-02-06,262116
2020-02-07,242195
2020-02-08,391051
2020-02-09,345420
2020-02-10,93001
2020-02-11,78228
2020-02-12,120440
2020-02-13,78730
2020-02-14,152619
2020-02-15,169717
2020-02-16,240706
2020-02-17,94556
2020-02-18,72674
2020-02-19,85828
2020-02-20,77753
2020-02-21,130612
2020-02-22,139233
2020-02-23,150197
2020-02-24,376538
2020-02-25,374660
2020-02-26,311674
2020-02-27,462391
2020-02-28,476291
2020-02-29,615140
2020-03-01,828946
2020-03-02,109477
2020-03-03,130398
2020-03-04,137942
2020-03-05,131093
2020-03-06,97363
2020-03-07,185399
2020-03-08,171607
2020-03-09,123047
2020-03-10,92252
2020-03-11,84843
2020-03-12,99433
2020-03-13,107925
2020-03-14,154351
2020-03-15,150658
2020-03-16,216719
2020-03-17,274089
2020-03-18,212438
2020-03-19,368413
2020-03-20,240286
2020-03-21,338157
2020-03-22,228811
2020-03-23,322260
2020-03-24,378583
2020-03-25,320504
2020-03-26,290353
2020-03-27,281166
2020-03-28,332507
2020-03-29,308531
2020-03-30,351791
2020-03-31,328224
2020-04-01,391612
2020-04-02,396953
2020-04-03,317029
2020-04-04,300145
2020-04-05,569600
2020-04-06,469255
2020-04-07,385674
2020-04-08,436795
2020-04-09,408399
2020-04-10,285912
2020-04-11,346628
2020-04-12,452522
2020-04-13,191943
2020-04-14,269275
2020-04-15,151794
2020-04-16,158724
2020-04-17,168646
2020-04-18,213272
2020-04-19,334329
2020-04-20,177123
2020-04-21,149727
2020-04-22,255265
2020-04-23,279181
2020-04-24,225670
2020-04-25,337065
2020-04-26,306395
2020-04-27,206852
2020-04-28,325131
2020-04-29,321103
2020-04-30,325372
2020-05-01,344354
2020-05-02,336929
2020-05-03,376619
2020-05-04,147761
2020-05-05,265407
2020-05-06,224649
2020-05-07,227594
2020-05-08,307324
2020-05-09,363635
2020-05-10,287999
2020-05-11,284447
2020-05-12,228491
2020-05-13,304387
2020-05-14,289945
2020-05-15,280535
2020-05-16,252390
2020-05-17,264245
2020-05-18,131381
2020-05-19,179822
2020-05-20,325934
2020-05-21,248135
2020-05-22,250786
2020-05-23,278494
2020-05-24,226242
2020-05-25,217269
2020-05-26,231396
2020-05-27,232213
2020-05-28,291178
2020-05-29,271910
2020-05-30,261090
2020-05-31,202628
2020-06-01,361070
2020-06-02,213443
2020-06-03,242826
2020-06-04,275862
2020-06-05,269127
2020-06-06,325158
2020-06-07,347093
2020-06-08,201570
2020-06-09,276248
2020-06-10,213314
2020-06-11,239925
2020-06-12,337064
2020-06-13,201093
2020-06-14,322859
2020-06-15,223887
2020-06-16,343131
2020-06-17,329068
2020-06-18,262589
2020-06-19,317852
2020-06-20,346847
2020-06-21,488731
2020-06-22,500023
2020-06-23,243986
2020-06-24,272433
2020-06-25,261730
2020-06-26,299774
2020-06-27,216570
2020-06-28,287407
2020-06-29,194105
2020-06-30,160889
2020-07-01,182713
2020-07-02,173969
2020-07-03,160336
2020-07-04,147339
2020-07-05,198423
2020-07-06,103880
2020-07-07,98243
2020-07-08,151973
2020-07-09,154427
2020-07-10,136243
2020-07-11,109702
2020-07-12,131947
2020-07-13,172582
2020-07-14,116227
2020-07-15,113959
2020-07-16,109975
2020-07-17,103558
2020-07-18,90137
2020-07-19,75109
2020-07-20,121972
2020-07-21,82557
2020-07-22,114409
2020-07-23,109623
2020-07-24,96841
2020-07-25,103256
2020-07-26,97974
2020-07-27,108424
2020-07-28,73891
2020-07-29,77264
2020-07-30,99527
2020-07-31,121401
2020-08-01,211701
2020-08-02,114006
2020-08-03,90935
2020-08-04,100925
2020-08-05,93675
2020-08-06,106798
2020-08-07,80134
2020-08-08,104419
2020-08-09,119232
2020-08-10,117852
2020-08-11,140379
2020-08-12,117797
2020-08-13,118771
2020-08-14,120435
2020-08-15,135726
2020-08-16,238316
2020-08-17,89272
2020-08-18,187736
2020-08-19,323785
2020-08-20,182982
2020-08-21,324058
2020-08-22,170041
2020-08-23,209524
2020-08-24,125050
2020-08-25,217105
2020-08-26,206536
2020-08-27,185563
2020-08-28,226010
2020-08-29,186169
2020-08-30,244308
2020-08-31,72968
2020-09-01,156474
2020-09-02,240328
2020-09-03,204137
2020-09-04,199103
2020-09-05,156950
2020-09-06,306945
2020-09-07,178363
2020-09-08,245843
2020-09-09,214512
2020-09-10,247860
2020-09-11,191610
2020-09-12,177155
2020-09-13,311304
2020-09-14,138375
2020-09-15,193429
2020-09-16,201540
2020-09-17,294486
2020-09-18,195636
2020-09-19,211641
2020-09-20,179009
2020-09-21,108930
2020-09-22,199537
2020-09-23,122184
2020-09-24,173518
2020-09-25,156344
2020-09-26,145474
2020-09-27,208215
2020-09-28,130414
2020-09-29,304191
2020-09-30,193852
2020-10-01,318495
2020-10-02,243076
2020-10-03,212050
2020-10-04,439370
2020-10-05,124442
2020-10-06,174236
2020-10-07,153518
2020-10-08,168956
2020-10-09,180526
2020-10-10,196469
2020-10-11,210263
2020-10-12,147398
2020-10-13,225696
2020-10-14,211577
2020-10-15,221191
2020-10-16,197615
2020-10-17,254779
2020-10-18,190723
2020-10-19,176319
2020-10-20,199135
2020-10-21,220161
2020-10-22,196234
2020-10-23,247009
2020-10-24,198160
2020-10-25,284304
2020-10-26,274509
2020-10-27,294648
2020-10-28,247330
2020-10-29,279693
2020-10-30,155183
2020-10-31,172122
2020-11-01,122955
2020-11-02,547015
2020-11-03,453412
2020-11-04,488326
2020-11-05,105001
2020-11-06,220977
2020-11-07,194980
2020-11-08,240669
2020-11-09,132143
2020-11-10,291854
2020-11-11,271393
2020-11-12,220790
2020-11-13,272797
2020-11-14,230117
2020-11-15,256362
2020-11-16,193537
2020-11-17,129897
2020-11-18,99540
2020-11-19,375790
2020-11-20,211290
2020-11-21,384088
2020-11-22,551755
2020-11-23,107022
2020-11-24,185805
2020-11-25,353689
2020-11-26,152255
2020-11-27,210166
2020-11-28,292002
2020-11-29,282702
2020-11-30,276807
2020-12-01,313262
2020-12-02,363577
2020-12-03,357375
2020-12-04,329997
2020-12-05,276498
2020-12-06,358236
2020-12-07,215997
2020-12-08,294852
2020-12-09,280861
2020-12-10,367000
2020-12-11,383284
2020-12-12,389211
2020-12-13,301625
2020-12-14,140262
2020-12-15,304808
2020-12-16,226257
2020-12-17,319092
2020-12-18,292363
2020-12-19,390343
2020-12-20,270034
2020-12-21,265000
2020-12-22,181931
2020-12-23,113646
2020-12-24,112766
2020-12-25,118777
2020-12-26,207696
2020-12-27,145166
2020-12-28,108065
2020-12-29,81117
2020-12-30,80156
2020-12-31,60446
2021-01-01,91475
2021-01-02,95767
2021-01-03,93917
2021-01-04,115737
2021-01-05,108158
2021-01-06,146326
2021-01-07,101229
2021-01-08,94996
2021-01-09,107307
2021-01-10,92593
2021-01-11,121892
2021-01-12,135123
2021-01-13,176006
2021-01-14,106193
2021-01-15,135227
2021-01-16,197242
2021-01-17,127278
2021-01-18,159102
2021-01-19,337372
2021-01-20,522758
2021-01-21,425583
2021-01-22,396841
2021-01-23,537976
2021-01-24,592645
2021-01-25,240127
2021-01-26,200821
2021-01-27,273407
2021-01-28,211075
2021-01-29,256445
2021-01-30,316137
2021-01-31,307431
2021-02-01,189408
2021-02-02,186531
2021-02-03,176766
2021-02-04,267587
2021-02-05,229856
2021-02-06,240321
2021-02-07,121349
2021-02-08,245693
2021-02-09,251625
2021-02-10,236542
2021-02-11,119779
2021-02-12,390058
2021-02-13,483546
2021-02-14,395548
2021-02-15,125765
2021-02-16,325689
2021-02-17,297376
2021-02-18,390279
2021-02-19,343013
2021-02-20,486371
2021-02-21,619234
2021-02-22,163198
2021-02-23,148409
2021-02-24,167727
2021-02-25,138818
2021-02-26,415695
2021-02-27,503537
2021-02-28,439256
2021-03-01,161200
2021-03-02,210857
2021-03-03,221795
2021-03-04,199649
2021-03-05,178640
2021-03-06,179614
2021-03-07,240095
2021-03-08,240542
2021-03-09,296446
2021-03-10,267300
2021-03-11,233320
2021-03-12,329095
2021-03-13,446457
2021-03-14,322489
2021-03-15,312890
2021-03-16,141468
2021-03-17,282482
2021-03-18,250070
2021-03-19,335604
2021-03-20,384078
2021-03-21,382703
2021-03-22,439461
2021-03-23,163062
2021-03-24,483151
2021-03-25,296836
2021-03-26,375055
2021-03-27,341100
2021-03-28,359744
2021-03-29,404123
2021-03-30,173119
2021-03-31,159371
2021-04-01,122291
2021-04-02,368265
2021-04-03,348747
2021-04-04,268521
2021-04-05,153639
2021-04-06,149266
2021-04-07,174067
2021-04-08,347153
2021-04-09,368885
2021-04-10,350026
2021-04-11,437186
2021-04-12,139882
2021-04-13,318799
2021-04-14,304769
2021-04-15,377420
2021-04-16,268086
2021-04-17,317330
2021-04-18,287845
2021-04-19,129191
2021-04-20,134691
2021-04-21,142286
2021-04-22,148007
2021-04-23,146984
2021-04-24,153711
2021-04-25,193840
2021-04-26,274310
2021-04-27,298311
2021-04-28,220181
2021-04-29,339021
2021-04-30,306634
2021-05-01,335632
2021-05-02,418309
2021-05-03,187258
2021-05-04,247700
2021-05-05,211605
2021-05-06,111518
2021-05-07,408757
2021-05-08,412188
2021-05-09,551252
2021-05-10,232323
2021-05-11,220012
2021-05-12,235419
2021-05-13,152372
2021-05-14,322373
2021-05-15,200948
2021-05-16,245143
2021-05-17,169742
2021-05-18,312196
2021-05-19,236010
2021-05-20,242052
2021-05-21,261899
2021-05-22,311538
2021-05-23,248718
2021-05-24,208972
2021-05-25,310831
2021-05-26,310101
2021-05-27,214243
2021-05-28,268764
2021-05-29,175321
2021-05-30,264688
2021-05-31,174544
2021-06-01,186210
2021-06-02,143105
2021-06-03,211481
2021-06-04,233733
2021-06-05,229921
2021-06-06,265246
2021-06-07,140740
2021-06-08,125269
2021-06-09,145622
2021-06-10,113007
2021-06-11,183152
2021-06-12,220910
2021-06-13,299466
2021-06-14,108491
2021-06-15,200977
2021-06-16,323699
2021-06-17,276694
2021-06-18,189107
2021-06-19,284252
2021-06-20,368087
2021-06-21,105471
2021-06-22,164207
2021-06-23,124788
2021-06-24,154792
2021-06-25,158010
2021-06-26,184317
2021-06-27,283324
2021-06-28,153696
2021-06-29,219078
2021-06-30,222080
2021-07-01,296246
2021-07-02,238039
2021-07-03,376531
2021-07-04,334280
2021-07-05,130890
2021-07-06,275582
2021-07-07,174628
2021-07-08,390371
2021-07-09,350845
2021-07-10,416663
2021-07-11,427560
2021-07-12,119850
2021-07-13,92234
2021-07-14,98472
2021-07-15,111562
2021-07-16,337333
2021-07-17,471760
2021-07-18,725314
2021-07-19,93760
2021-07-20,87963
2021-07-21,80602
2021-07-22,89036
2021-07-23,76421
2021-07-24,77737
2021-07-25,74633
2021-07-26,112958
2021-07-27,109086
2021-07-28,100679
2021-07-29,118169
2021-07-30,103036
2021-07-31,254011
2021-08-01,198110
2021-08-02,109955
2021-08-03,97085
2021-08-04,92342
2021-08-05,110124
2021-08-06,91580
2021-08-07,91082
2021-08-08,110892
2021-08-09,121988
2021-08-10,113703
2021-08-11,74073
2021-08-12,110412
2021-08-13,75489
2021-08-14,98841
2021-08-15,63657
2021-08-16,195122
2021-08-17,228606
2021-08-18,195881
2021-08-19,210032
2021-08-20,189523
2021-08-21,152207
2021-08-22,214576
2021-08-23,94722
2021-08-24,207165
2021-08-25,249229
2021-08-26,201521
2021-08-27,302512
2021-08-28,250964
2021-08-29,228911
2021-08-30,260870
2021-08-31,391961
2021-09-01,263752
2021-09-02,309147
2021-09-03,224080
2021-09-04,230407
2021-09-05,294438
2021-09-06,106625
2021-09-07,223525
2021-09-08,302473
2021-09-09,318665
2021-09-10,356187
2021-09-11,437947
2021-09-12,727079
2021-09-13,106296
2021-09-14,130438
2021-09-15,131630
2021-09-16,261209
2021-09-17,200233
2021-09-18,300036
2021-09-19,177841
2021-09-20,204848
2021-09-21,270623
2021-09-22,288418
2021-09-23,221020
2021-09-24,303913
2021-09-25,314875
2021-09-26,322629
2021-09-27,106497
2021-09-28,127196
2021-09-29,204159
2021-09-30,213509
2021-10-01,230319
2021-10-02,237697
2021-10-03,246241
2021-10-04,121703
2021-10-05,241371
2021-10-06,219737
2021-10-07,206631
2021-10-08,185562
2021-10-09,220641
2021-10-10,259728
2021-10-11,160943
2021-10-12,171095
2021-10-13,131903
2021-10-14,194092
2021-10-15,227506
2021-10-16,256756
2021-10-17,238093
2021-10-18,157890
2021-10-19,129956
2021-10-20,188014
2021-10-21,94429
2021-10-22,99738
2021-10-23,141466
2021-10-24,118430
2021-10-25,96308
2021-10-26,500842
2021-10-27,470500
2021-10-28,486146
2021-10-29,418463
2021-10-30,652510
2021-10-31,686957
2021-11-01,579492
2021-11-02,566198
2021-11-03,136832
2021-11-04,717168
2021-11-05,976006
2021-11-06,1008602
2021-11-07,1914861
2021-11-08,296338
2021-11-09,153357
2021-11-10,181656
2021-11-11,192884
2021-11-12,154592
2021-11-13,117635
2021-11-14,166023
2021-11-15,155932
2021-11-16,152248
2021-11-17,138896
2021-11-18,169561
2021-11-19,164397
2021-11-20,176566
2021-11-21,121056
2021-11-22,112030
2021-11-23,164720
2021-11-24,308960
2021-11-25,403988
2021-11-26,377709
2021-11-27,488576
2021-11-28,647741
2021-11-29,100626
2021-11-30,105026
2021-12-01,104586
2021-12-02,304111
2021-12-03,282951
2021-12-04,314536
2021-12-05,272601
2021-12-06,81233
2021-12-07,93854
2021-12-08,91944
2021-12-09,80877
2021-12-10,64862
2021-12-11,221090
2021-12-12,235341
2021-12-13,72420
2021-12-14,392038
2021-12-15,309142
2021-12-16,322516
2021-12-17,425770
2021-12-18,436187
2021-12-19,525572
2021-12-20,64756
2021-12-21,91798
2021-12-22,87417
2021-12-23,61029
2021-12-24,82753
2021-12-25,71069
2021-12-26,94235
2021-12-27,97138
2021-12-28,95718
2021-12-29,78071
2021-12-30,57536
2021-12-31,43799
2022-01-01,71234
2022-01-02,67734
2022-01-03,106119
2022-01-04,108172
2022-01-05,96831
2022-01-06,78123
2022-01-07,87117
2022-01-08,77747
2022-01-09,90059
2022-01-10,103470
2022-01-11,114158
2022-01-12,80592
2022-01-13,74740
2022-01-14,72520
2022-01-15,89179
2022-01-16,93878
2022-01-17,153138
2022-01-18,116360
2022-01-19,101780
2022-01-20,128303
2022-01-21,98430
2022-01-22,134188
2022-01-23,121640
2022-01-24,141548
2022-01-25,118351
2022-01-26,116229
2022-01-27,145499
2022-01-28,325013
2022-01-29,436231
2022-01-30,353169
2022-01-31,111131
2022-02-01,200510
2022-02-02,113717
2022-02-03,368097
2022-02-04,361723
2022-02-05,358373
2022-02-06,352479
2022-02-07,224346
2022-02-08,130087
2022-02-09,144936
2022-02-10,148889
2022-02-11,160773
2022-02-12,131951
2022-02-13,180975
2022-02-14,170456
2022-02-15,303272
2022-02-16,327772
2022-02-17,384244
2022-02-18,479746
2022-02-19,467775
2022-02-20,586493
2022-02-21,116798
2022-02-22,124843
2022-02-23,137655
2022-02-24,93985
2022-02-25,494118
2022-02-26,786636
2022-02-27,973776
2022-02-28,94309
2022-03-01,165864
2022-03-02,202636
2022-03-03,344494
2022-03-04,278737
2022-03-05,178351
2022-03-06,143316
2022-03-07,104682
2022-03-08,94990
2022-03-09,210455
2022-03-10,214509
2022-03-11,305127
2022-03-12,353044
2022-03-13,249041
2022-03-14,217940
2022-03-15,92791
2022-03-16,256439
2022-03-17,231682
2022-03-18,267403
2022-03-19,252323
2022-03-20,310979
2022-03-21,85164
2022-03-22,86605
2022-03-23,196107
2022-03-24,198265
2022-03-25,259128
2022-03-26,243913
2022-03-27,203865
2022-03-28,95793
2022-03-29,105475
2022-03-30,293632
2022-03-31,313512
2022-04-01,277163
2022-04-02,335428
2022-04-03,388089
2022-04-04,77385
2022-04-05,280403
2022-04-06,310983
2022-04-07,283499
2022-04-08,429693
2022-04-09,393191
2022-04-10,364528
2022-04-11,268067
2022-04-12,279646
2022-04-13,233372
2022-04-14,189157
2022-04-15,226493
2022-04-16,84468
2022-04-17,268399
2022-04-18,344846
2022-04-19,368396
2022-04-20,237985
2022-04-21,235546
2022-04-22,213901
2022-04-23,309214
2022-04-24,221390
2022-04-25,243821
2022-04-26,104090
2022-04-27,162760
2022-04-28,212047
2022-04-29,287371
2022-04-30,192491
2022-05-01,231126
2022-05-02,110692
2022-05-03,131837
2022-05-04,121291
2022-05-05,117440
2022-05-06,109789
2022-05-07,85703
2022-05-08,80423
2022-05-09,614727
2022-05-10,540215
2022-05-11,483237
2022-05-12,602944
2022-05-13,160479
2022-05-14,858433
2022-05-15,963337
2022-05-16,937010
2022-05-17,932957
2022-05-18,123504
2022-05-19,750972
2022-05-20,918363
2022-05-21,930889
2022-05-22,1624985
2022-05-23,173805
2022-05-24,165466
2022-05-25,113896
2022-05-26,173243
2022-05-27,185264
2022-05-28,111817
2022-05-29,111078
2022-05-30,448552
2022-05-31,372693
2022-06-01,370330
2022-06-02,245900
2022-06-03,372340
2022-06-04,380946
2022-06-05,393520
2022-06-06,146171
2022-06-07,127055
2022-06-08,205132
2022-06-09,243128
2022-06-10,132550
2022-06-11,163160
2022-06-12,176887
2022-06-13,103193
2022-06-14,78836
2022-06-15,318209
2022-06-16,310868
2022-06-17,323253
2022-06-18,419246
2022-06-19,516513
2022-06-20,214670
2022-06-21,91985
2022-06-22,301287
2022-06-23,229884
2022-06-24,167557
2022-06-25,215609
2022-06-26,216979
2022-06-27,185146
2022-06-28,165022
2022-06-29,187265
2022-06-30,205371
2022-07-01,164998
2022-07-02,152851
2022-07-03,117545
2022-07-04,87711
2022-07-05,258877
2022-07-06,350778
2022-07-07,354206
2022-07-08,311484
2022-07-09,343880
2022-07-10,440617
2022-07-11,83372
2022-07-12,114879
2022-07-13,72591
2022-07-14,144920
2022-07-15,353031
2022-07-16,467709
2022-07-17,1153318
2022-07-18,115108
2022-07-19,66499
2022-07-20,32757
2022-07-21,66574
2022-07-22,71323
2022-07-23,50029
2022-07-24,116960
2022-07-25,114203
2022-07-26,57318
2022-07-27,71944
2022-07-28,107044
2022-07-29,62587
2022-07-30,98206
2022-07-31,86319
2022-08-01,93451
2022-08-02,106323
2022-08-03,104397
2022-08-04,95025
2022-08-05,87965
2022-08-06,112507
2022-08-07,53027
2022-08-08,152434
2022-08-09,108500
2022-08-10,71481
2022-08-11,84873
2022-08-12,85617
2022-08-13,70286
2022-08-14,72264
2022-08-15,112759
2022-08-16,177980
2022-08-17,135198
2022-08-18,101008
2022-08-19,219302
2022-08-20,283751
2022-08-21,200820
2022-08-22,145208
2022-08-23,157391
2022-08-24,131290
2022-08-25,245914
2022-08-26,290038
2022-08-27,305770
2022-08-28,313573
2022-08-29,88777
2022-08-30,114554
2022-08-31,181495
2022-09-01,300549
2022-09-02,220886
2022-09-03,337513
2022-09-04,345023
2022-09-05,90021
2022-09-06,109344
2022-09-07,235400
2022-09-08,270370
2022-09-09,241522
2022-09-10,323370
2022-09-11,337424
2022-09-12,131413
2022-09-13,130336
2022-09-14,228192
2022-09-15,206294
2022-09-16,189247
2022-09-17,219594
2022-09-18,273275
2022-09-19,130607
2022-09-20,126713
2022-09-21,245404
2022-09-22,211295
2022-09-23,247882
2022-09-24,246754
2022-09-25,297720
2022-09-26,95920
2022-09-27,261977
2022-09-28,372659
2022-09-29,332915
2022-09-30,444699
2022-10-01,371512
2022-10-02,467440
2022-10-03,68692
2022-10-04,254281
2022-10-05,454692
2022-10-06,384212
2022-10-07,400141
2022-10-08,383021
2022-10-09,474307
2022-10-10,83714
2022-10-11,60796
2022-10-12,113635
2022-10-13,75828
2022-10-14,189114
2022-10-15,152880
2022-10-16,237809
2022-10-17,76178
2022-10-18,88199
2022-10-19,171396
2022-10-20,131929
2022-10-21,202939
2022-10-22,137885
2022-10-23,192925
2022-10-24,110228
2022-10-25,102811
2022-10-26,99709
2022-10-27,85395
2022-10-28,69554
2022-10-29,71560
2022-10-30,84999
2022-10-31,680880
2022-11-01,634174
2022-11-02,606047
2022-11-03,515280
2022-11-04,92094
2022-11-05,882417
2022-11-06,973995
2022-11-07,627731
2022-11-08,715701
2022-11-09,440584
2022-11-10,580597
2022-11-11,1221945
2022-11-12,1269970
2022-11-13,1135923
2022-11-14,91715
2022-11-15,114280
2022-11-16,117704
2022-11-17,161108
2022-11-18,118315
2022-11-19,136698
2022-11-20,168085
2022-11-21,69789
2022-11-22,73326
2022-11-23,225851
2022-11-24,205799
2022-11-25,275003
2022-11-26,246385
2022-11-27,363503
2022-11-28,68715
2022-11-29,74976
2022-11-30,69749
2022-12-01,89476
2022-12-02,93247
2022-12-03,56161
2022-12-04,133321
2022-12-05,71686
2022-12-06,91405
2022-12-07,118126
2022-12-08,80687
2022-12-09,78297
2022-12-10,67788
2022-12-11,71277
2022-12-12,92134
2022-12-13,69347
2022-12-14,209284
2022-12-15,257448
2022-12-16,271154
2022-12-17,268557
2022-12-18,278430
2022-12-19,91881
2022-12-20,77246
2022-12-21,81246
2022-12-22,73468
2022-12-23,61976
2022-12-24,46715
2022-12-25,57598
2022-12-26,57429
2022-12-27,72887
2022-12-28,77252
2022-12-29,67835
2022-12-30,59764
2022-12-31,41215
2023-01-01,55907
2023-01-02,79025
2023-01-03,70368
2023-01-04,94890
2023-01-05,96017
2023-01-06,90545
2023-01-07,120979
2023-01-08,129760
2023-01-09,104105
2023-01-10,108755
2023-01-11,67656
2023-01-12,62853
2023-01-13,73584
2023-01-14,118478
2023-01-15,50165
2023-01-16,92193
2023-01-17,89526
2023-01-18,94887
2023-01-19,233480
2023-01-20,186218
2023-01-21,227494
2023-01-22,214409
2023-01-23,324190
2023-01-24,185459
2023-01-25,252646
2023-01-26,317490
2023-01-27,160390
2023-01-28,299810
2023-01-29,228603
2023-01-30,100688
2023-01-31,97613
2023-02-01,248636
2023-02-02,204147
2023-02-03,267220
2023-02-04,304047
2023-02-05,376242
2023-02-06,306196
2023-02-07,414418
2023-02-08,109350
2023-02-09,111606
2023-02-10,435132
2023-02-11,390833
2023-02-12,576269
2023-02-13,119632
2023-02-14,120627
2023-02-15,142659
2023-02-16,178793
2023-02-17,169527
2023-02-18,201886
2023-02-19,186897
2023-02-20,91927
2023-02-21,83700
2023-02-22,206082
2023-02-23,229838
2023-02-24,192552
2023-02-25,181403
2023-02-26,222842
2023-02-27,109251
2023-02-28,104654
2023-03-01,287763
2023-03-02,246122
2023-03-03,204750
2023-03-04,266546
2023-03-05,291817
2023-03-06,139263
2023-03-07,95433
2023-03-08,221307
2023-03-09,257858
2023-03-10,207862
2023-03-11,196424
2023-03-12,276312
2023-03-13,129461
2023-03-14,181789
2023-03-15,286570
2023-03-16,267087
2023-03-17,271976
2023-03-18,237565
2023-03-19,216080
2023-03-20,158478
2023-03-21,395965
2023-03-22,883067
2023-03-23,361609
2023-03-24,349749
2023-03-25,395551
2023-03-26,465571
2023-03-27,141197
2023-03-28,133828
2023-03-29,162775
2023-03-30,183823
2023-03-31,213648
2023-04-01,252654
2023-04-02,243046
2023-04-03,170008
2023-04-04,129283
2023-04-05,193192
2023-04-06,240126
2023-04-07,330220
2023-04-08,318865
2023-04-09,270038
2023-04-10,182115
2023-04-11,301580
2023-04-12,355954
2023-04-13,330790
2023-04-14,260413
2023-04-15,258860
2023-04-16,187870
2023-04-17,409772
2023-04-18,415460
2023-04-19,375499
2023-04-20,261761
2023-04-21,463913
2023-04-22,579500
2023-04-23,495609
2023-04-24,147973
2023-04-25,207112
2023-04-26,242276
2023-04-27,220053
2023-04-28,197826
2023-04-29,291749
2023-04-30,158533
2023-05-01,170782
2023-05-02,226563
2023-05-03,239526
2023-05-04,191584
2023-05-05,172119
2023-05-06,149988
2023-05-07,150361
2023-05-08,547596
2023-05-09,501889
2023-05-10,480053
2023-05-11,437479
2023-05-12,152857
2023-05-13,589452
2023-05-14,621639
2023-05-15,611227
2023-05-16,647596
2023-05-17,120143
2023-05-18,650361
2023-05-19,538988
2023-05-20,712437
2023-05-21,1082123
2023-05-22,138344
2023-05-23,142437
2023-05-24,138126
2023-05-25,131826
2023-05-26,153330
2023-05-27,132321
2023-05-28,101243
2023-05-29,240304
2023-05-30,222832
2023-05-31,260493
2023-06-01,140461
2023-06-02,234643
2023-06-03,264599
2023-06-04,321947
2023-06-05,91380
2023-06-06,124654
2023-06-07,289373
2023-06-08,451030
2023-06-09,279477
2023-06-10,440968
2023-06-11,323021
2023-06-12,111973
2023-06-13,104302
2023-06-14,118729
2023-06-15,105409
2023-06-16,77808
2023-06-17,104467
2023-06-18,97772
2023-06-19,101705
2023-06-20,146917
2023-06-21,108275
2023-06-22,118124
2023-06-23,78932
2023-06-24,71455
2023-06-25,120119
2023-06-26,118863
2023-06-27,93643
2023-06-28,104638
2023-06-29,64935
2023-06-30,70113
2023-07-01,55138
2023-07-02,85273
2023-07-03,162439
2023-07-04,104850
2023-07-05,90755
2023-07-06,115986
2023-07-07,334230
2023-07-08,129468
2023-07-09,92249
2023-07-10,141067
2023-07-11,170300
2023-07-12,152598
2023-07-13,243493
2023-07-14,278087
2023-07-15,230086
2023-07-16,266792
2023-07-17,236406
2023-07-18,342899
2023-07-19,240971
2023-07-20,310700
2023-07-21,180154
2023-07-22,235577
2023-07-23,362337
2023-07-24,130066
2023-07-25,140119
2023-07-26,403451
2023-07-27,416721
2023-07-28,335108
2023-07-29,352067
2023-07-30,315259
2023-07-31,409947
2023-08-01,484092
2023-08-02,127790
2023-08-03,144492
2023-08-04,451381
2023-08-05,430029
2023-08-06,583641
2023-08-07,175787
2023-08-08,236170
2023-08-09,176900
2023-08-10,212814
2023-08-11,184099
2023-08-12,98658
2023-08-13,97492
2023-08-14,111243
2023-08-15,155913
2023-08-16,415750
2023-08-17,339027
2023-08-18,301847
2023-08-19,319315
2023-08-20,414065
2023-08-21,121200
2023-08-22,124532
2023-08-23,177797
2023-08-24,233742
2023-08-25,249817
2023-08-26,287125
2023-08-27,148848
2023-08-28,115469
2023-08-29,110809
2023-08-30,257529
2023-08-31,191035
2023-09-01,259276
2023-09-02,255658
2023-09-03,245313
2023-09-04,46092
2023-09-05,52964
2023-09-06,184276
2023-09-07,178613
2023-09-08,205813
2023-09-09,173217
2023-09-10,215162
2023-09-11,42507
2023-09-12,64333
2023-09-13,216404
2023-09-14,236685
2023-09-15,161557
2023-09-16,131513
2023-09-17,215660
2023-09-18,61815
2023-09-19,79927
2023-09-20,200136
2023-09-21,195748
2023-09-22,156187
2023-09-23,169652
2023-09-24,167551
2023-09-25,107512
2023-09-26,271863
2023-09-27,501271
2023-09-28,387911
2023-09-29,322620
2023-09-30,329241
2023-10-01,543945
2023-10-02,186482
2023-10-03,187341
2023-10-04,241257
2023-10-05,203760
2023-10-06,263086
2023-10-07,259371
2023-10-08,214257
2023-10-09,161672
2023-10-10,202487
2023-10-11,184055
2023-10-12,148143
2023-10-13,135843
2023-10-14,124124
2023-10-15,146436
2023-10-16,195882
2023-10-17,208299
2023-10-18,180133
2023-10-19,142870
2023-10-20,148027
2023-10-21,185142
2023-10-22,315196
2023-10-23,153020
2023-10-24,132300
2023-10-25,213614
2023-10-26,168835
2023-10-27,245597
2023-10-28,132060
2023-10-29,149023
2023-10-30,179060
2023-10-31,218439
2023-11-01,278155
2023-11-02,192849
2023-11-03,148527
2023-11-04,163587
2023-11-05,227026
2023-11-06,125210
2023-11-07,142286
2023-11-08,114300
2023-11-09,111677
2023-11-10,85443
2023-11-11,97473
2023-11-12,207222
2023-11-13,103605
2023-11-14,102281
2023-11-15,95237
2023-11-16,148073
2023-11-17,153873
2023-11-18,161436
2023-11-19,191805
2023-11-20,136496
2023-11-21,108581
2023-11-22,214734
2023-11-23,255421
2023-11-24,245584
2023-11-25,344285
2023-11-26,372214
2023-11-27,105895
2023-11-28,87231
2023-11-29,98643
2023-11-30,166931
2023-12-01,189605
2023-12-02,185879
2023-12-03,261286
2023-12-04,75402
2023-12-05,123125
2023-12-06,183699
2023-12-07,189566
2023-12-08,182091
2023-12-09,118907
2023-12-10,162221
2023-12-11,106399
2023-12-12,97928
2023-12-13,169312
2023-12-14,234144
2023-12-15,227190
2023-12-16,264967
2023-12-17,294928
2023-12-18,83357
2023-12-19,78797
2023-12-20,82076
2023-12-21,79334
2023-12-22,79046
2023-12-23,77327
2023-12-24,58786
2023-12-25,64955
2023-12-26,90317
2023-12-27,76407
2023-12-28,64454
2023-12-29,93083
2023-12-30,63822
2023-12-31,63061
2024-01-01,71352
2024-01-02,74474
2024-01-03,91856
2024-01-04,92462
2024-01-05,67894
2024-01-06,74719
2024-01-07,69564
2024-01-08,244985
2024-01-09,225324
2024-01-10,202885
2024-01-11,132426
2024-01-12,189676
2024-01-13,142029
2024-01-14,136608
2024-01-15,133978
2024-01-16,163047
2024-01-17,174008
2024-01-18,285170
2024-01-19,288279
2024-01-20,226526
2024-01-21,159775
2024-01-22,207724
2024-01-23,248915
2024-01-24,267675
2024-01-25,260173
2024-01-26,209683
2024-01-27,258200
2024-01-28,258005
2024-01-29,138428
2024-01-30,154667
2024-01-31,301303
2024-02-01,334630
2024-02-02,290031
2024-02-03,342983
2024-02-04,340678
2024-02-05,369528
2024-02-06,420770
2024-02-07,130862
2024-02-08,132779
2024-02-09,415882
2024-02-10,375573
2024-02-11,696204
2024-02-12,99996
2024-02-13,119292
2024-02-14,304629
2024-02-15,303949
2024-02-16,303321
2024-02-17,241398
2024-02-18,126659
2024-02-19,413195
2024-02-20,444674
2024-02-21,438576
2024-02-22,239251
2024-02-23,254027
2024-02-24,262692
2024-02-25,109507
2024-02-26,118883
2024-02-27,94696
2024-02-28,110253
2024-02-29,139719
2024-03-01,271723
2024-03-02,291326
2024-03-03,290439
2024-03-04,278689
2024-03-05,153487
2024-03-06,298457
2024-03-07,217233
2024-03-08,204231
2024-03-09,171541
2024-03-10,211684
2024-03-11,182872
2024-03-12,164685
2024-03-13,136144
2024-03-14,122726
2024-03-15,114583
2024-03-16,127970
2024-03-17,582023
2024-03-18,590954
2024-03-19,610429
2024-03-20,497881
2024-03-21,629928
2024-03-22,700154
2024-03-23,684397
2024-03-24,654575
2024-03-25,111715
2024-03-26,141948
2024-03-27,134524
2024-03-28,874570
2024-03-29,747233
2024-03-30,782990
2024-03-31,1543909
2024-04-01,124656
2024-04-02,132821
2024-04-03,155869
2024-04-04,133236
2024-04-05,108659
2024-04-06,118455
2024-04-07,173768
2024-04-08,255369
2024-04-09,210530
2024-04-10,180298
2024-04-11,127041
2024-04-12,260422
2024-04-13,267475
2024-04-14,270499
2024-04-15,121065
2024-04-16,139306
2024-04-17,160108
2024-04-18,223158
2024-04-19,224075
2024-04-20,164303
2024-04-21,127087
2024-04-22,141771
2024-04-23,216458
2024-04-24,263721
2024-04-25,241367
2024-04-26,272402
2024-04-27,193568
2024-04-28,233367
2024-04-29,134391
2024-04-30,236079
2024-05-01,254057
2024-05-02,179442
2024-05-03,221702
2024-05-04,261139
2024-05-05,250295
2024-05-06,119035
2024-05-07,243857
2024-05-08,278810
2024-05-09,260730
2024-05-10,310707
2024-05-11,247458
2024-05-12,292430
2024-05-13,126048
2024-05-14,162119
2024-05-15,173671
2024-05-16,198052
2024-05-17,153151
2024-05-18,159639
2024-05-19,216827
2024-05-20,166574
2024-05-21,134887
2024-05-22,139054
2024-05-23,218646
2024-05-24,169746
2024-05-25,93634
2024-05-26,81514
2024-05-27,261258
2024-05-28,259885
2024-05-29,309201
2024-05-30,178434
2024-05-31,263769
2024-06-01,314957
2024-06-02,577994
2024-06-03,85442
2024-06-04,114180
2024-06-05,163320
2024-06-06,198872
2024-06-07,142401
2024-06-08,187610
2024-06-09,149643
2024-06-10,104359
2024-06-11,95043
2024-06-12,294553
2024-06-13,308624
2024-06-14,292756
2024-06-15,369611
2024-06-16,513650
2024-06-17,86140
2024-06-18,89609
2024-06-19,79382
2024-06-20,88799
2024-06-21,94173
2024-06-22,59611
2024-06-23,60013
2024-06-24,74748
2024-06-25,92242
2024-06-26,92466
2024-06-27,68413
2024-06-28,66969
2024-06-29,62719
2024-06-30,70232
2024-07-01,96691
2024-07-02,86182
2024-07-03,98270
2024-07-04,90338
2024-07-05,79331
2024-07-06,83444
2024-07-07,85578
2024-07-08,107902
2024-07-09,98229
2024-07-10,89695
2024-07-11,95936
2024-07-12,88574
2024-07-13,75340
2024-07-14,58704
2024-07-15,74436
2024-07-16,91557
2024-07-17,255096
2024-07-18,331804
2024-07-19,321935
2024-07-20,336365
2024-07-21,607400
2024-07-22,80390
2024-07-23,85078
2024-07-24,118430
2024-07-25,91263
2024-07-26,78679
2024-07-27,75455
2024-07-28,94154
2024-07-29,184144
2024-07-30,171964
2024-07-31,260659
2024-08-01,275790
2024-08-02,220634
2024-08-03,266748
2024-08-04,239660
2024-08-05,94029
2024-08-06,89444
2024-08-07,219247
2024-08-08,234287
2024-08-09,265179
2024-08-10,263376
2024-08-11,343793
2024-08-12,342633
2024-08-13,335344
2024-08-14,133269
2024-08-15,130112
2024-08-16,460946
2024-08-17,400762
2024-08-18,717297
2024-08-19,103123
2024-08-20,102192
2024-08-21,142431
2024-08-22,145027
2024-08-23,172273
2024-08-24,148271
2024-08-25,191227
2024-08-26,161159
2024-08-27,187400
2024-08-28,172445
2024-08-29,230544
2024-08-30,230112
2024-08-31,186160
2024-09-01,190066
2024-09-02,88765
2024-09-03,202917
2024-09-04,192697
2024-09-05,209535
2024-09-06,207495
2024-09-07,215352
2024-09-08,178753
2024-09-09,125818
2024-09-10,213603
2024-09-11,258594
2024-09-12,209269
2024-09-13,202970
2024-09-14,160952
2024-09-15,195432
2024-09-16,102767
2024-09-17,241033
2024-09-18,246517
2024-09-19,285635
2024-09-20,320297
2024-09-21,357855
2024-09-22,536328
2024-09-23,109616
2024-09-24,147980
2024-09-25,246253
2024-09-26,295573
2024-09-27,338539
2024-09-28,414602
2024-09-29,621430
2024-09-30,91161
2024-10-01,97057
2024-10-02,84324
2024-10-03,96620
2024-10-04,103385
2024-10-05,114726
2024-10-06,102555
2024-10-07,272363
2024-10-08,318848
2024-10-09,333633
2024-10-10,119596
2024-10-11,314149
2024-10-12,387660
2024-10-13,431417
2024-10-14,85225
2024-10-15,97875
2024-10-16,123707
2024-10-17,132107
2024-10-18,93453
2024-10-19,82440
2024-10-20,123972
2024-10-21,305108
2024-10-22,142690
2024-10-23,172837
2024-10-24,94639
2024-10-25,179829
2024-10-26,174431
2024-10-27,113957
2024-10-28,108754
2024-10-29,94158
2024-10-30,225652
2024-10-31,263659
2024-11-01,291533
2024-11-02,297917
2024-11-03,354059
2024-11-04,67369
2024-11-05,93698
2024-11-06,72936
2024-11-07,111500
2024-11-08,116612
2024-11-09,108766
2024-11-10,68978
2024-11-11,128459
2024-11-12,148884
2024-11-13,165131
2024-11-14,159502
2024-11-15,139328
2024-11-16,86819
2024-11-17,310139
2024-11-18,217870
2024-11-19,250482
2024-11-20,190174
2024-11-21,261362
2024-11-22,257493
2024-11-23,434403
2024-11-24,269299
2024-11-25,189469
2024-11-26,138647
2024-11-27,116211
2024-11-28,100505
2024-11-29,82084
2024-11-30,286995
2024-12-01,201856
2024-12-02,256326
2024-12-03,271970
2024-12-04,108523
2024-12-05,409798
2024-12-06,313592
2024-12-07,436466
2024-12-08,453753
2024-12-09,116956
2024-12-10,108754
2024-12-11,69719
2024-12-12,407471
2024-12-13,467067
2024-12-14,708907
2024-12-15,943537
2024-12-16,79488
2024-12-17,77410
2024-12-18,73270
2024-12-19,74714
2024-12-20,142829
2024-12-21,142487
2024-12-22,134426
2024-12-23,148588
2024-12-24,158947
2024-12-25,166752
2024-12-26,130784
2024-12-27,164750
2024-12-28,101746
2024-12-29,79559
2024-12-30,96969
2024-12-31,50565
2025-01-01,59439
2025-01-02,69368
2025-01-03,84427
2025-01-04,79097
2025-01-05,226241
2025-01-06,262336
2025-01-07,102668
2025-01-08,132345
2025-01-09,92203
2025-01-10,119182
2025-01-11,172721
2025-01-12,87076
2025-01-13,97532
2025-01-14,291669
2025-01-15,288363
2025-01-16,470093
2025-01-17,248281
2025-01-18,289873
2025-01-19,305097
2025-01-20,128973
2025-01-21,121087
2025-01-22,119633
2025-01-23,301961
2025-01-24,371243
2025-01-25,496201
2025-01-26,515850
2025-01-27,171143
2025-01-28,199045
2025-01-29,362571
2025-01-30,362620
2025-01-31,269218
2025-02-01,371963
2025-02-02,468345
2025-02-03,684584
2025-02-04,529520
2025-02-05,119924
2025-02-06,113013
2025-02-07,485785
2025-02-08,719595
2025-02-09,951103
2025-02-10,185800
2025-02-11,164463
2025-02-12,135008
2025-02-13,159816
2025-02-14,207084
2025-02-15,262811
2025-02-16,248389
2025-02-17,329859
2025-02-18,207165
2025-02-19,163168
2025-02-20,131335
2025-02-21,328029
2025-02-22,323753
2025-02-23,431363
2025-02-24,194236
2025-02-25,142401
2025-02-26,161552
2025-02-27,137113
2025-02-28,153985
2025-03-01,257677
2025-03-02,283710
2025-03-03,230799
2025-03-04,246659
2025-03-05,217492
2025-03-06,136757
2025-03-07,299495
2025-03-08,273069
2025-03-09,313642
2025-03-10,410267
2025-03-11,266575
2025-03-12,126363
2025-03-13,407302
2025-03-14,371172
2025-03-15,413232
2025-03-16,428216
2025-03-17,169127
2025-03-18,185560
2025-03-19,326420
2025-03-20,295450
2025-03-21,451241
2025-03-22,343119
2025-03-23,426631
2025-03-24,411466
2025-03-25,129699
2025-03-26,149145
2025-03-27,147678
2025-03-28,514945
2025-03-29,556333
2025-03-30,630994
2025-03-31,202246
2025-04-01,219645
2025-04-02,199302
2025-04-03,144959
2025-04-04,157225
2025-04-05,150895
2025-04-06,263874
2025-04-07,257854
2025-04-08,262942
2025-04-09,218431
2025-04-10,212713
2025-04-11,308043
2025-04-12,295835
2025-04-13,369206
2025-04-14,215005
2025-04-15,201562
2025-04-16,192252
2025-04-17,239104
2025-04-18,96021
2025-04-19,81954
2025-04-20,114278
2025-04-21,211302
2025-04-22,264136
2025-04-23,279028
2025-04-24,103250
2025-04-25,232360
2025-04-26,245205
2025-04-27,825882
2025-04-28,142185
2025-04-29,139958
2025-04-30,300676
2025-05-01,444675
2025-05-02,298032
2025-05-03,458897
2025-05-04,709801
2025-05-05,251605
2025-05-06,123895
2025-05-07,145223
2025-05-08,146932
2025-05-09,100078
2025-05-10,258358
2025-05-11,282883
2025-05-12,312283
2025-05-13,284433
2025-05-14,205501
2025-05-15,217115
2025-05-16,371712
2025-05-17,485971
2025-05-18,685390
2025-05-19,573285
2025-05-20,394547
2025-05-21,720514
2025-05-22,159680
2025-05-23,367447
2025-05-24,407540
2025-05-25,516521
2025-05-26,118340
2025-05-27,126177
2025-05-28,123266
2025-05-29,111157
2025-05-30,100933
2025-05-31,82503
2025-06-01,89542
2025-06-02,122042
2025-06-03,376141
2025-06-04,328796
2025-06-05,302372
2025-06-06,252842
2025-06-07,550608
2025-06-08,575917
2025-06-09,646514
2025-06-10,561637
2025-06-11,92123
2025-06-12,704255
2025-06-13,641289
2025-06-14,672485
2025-06-15,653465
2025-06-16,326745
2025-06-17,87942
2025-06-18,131051
2025-06-19,943732
2025-06-20,855978
2025-06-21,747225
2025-06-22,1145560
2025-06-23,98361
2025-06-24,128837
2025-06-25,113122
2025-06-26,111761
2025-06-27,97472
2025-06-28,94751
2025-06-29,96162
2025-06-30,102048
2025-07-01,116707
2025-07-02,125648
2025-07-03,90295
2025-07-04,88120
2025-07-05,87567
2025-07-06,126667
2025-07-07,138145
2025-07-08,147761
2025-07-09,143402
2025-07-10,196134
2025-07-11,308110
2025-07-12,227692
2025-07-13,114324
2025-07-14,197215
2025-07-15,248381
2025-07-16,216465
2025-07-17,215863
2025-07-18,184258
2025-07-19,170256
2025-07-20,182179
2025-07-21,126317
2025-07-22,98383
2025-07-23,278693
2025-07-24,237912
2025-07-25,238528
2025-07-26,458089
2025-07-27,448657
2025-07-28,490887
2025-07-29,546187
2025-07-30,126981
2025-07-31,90526
2025-08-01,471171
2025-08-02,638706
2025-08-03,728540
2025-08-04,116765
2025-08-05,252658
2025-08-06,279063
2025-08-07,177251
2025-08-08,168193
2025-08-09,242790
2025-08-10,280000
2025-08-11,185884
2025-08-12,160902
2025-08-13,178053
2025-08-14,271477
2025-08-15,327289
2025-08-16,373653
2025-08-17,444353
2025-08-18,152950
2025-08-19,140677
2025-08-20,384750
2025-08-21,309261
2025-08-22,353671
2025-08-23,401259
2025-08-24,346168
2025-08-25,101474
2025-08-26,183640
2025-08-27,215434
2025-08-28,138740
2025-08-29,210065
2025-08-30,244779
2025-08-31,232612
2025-09-01,273421
2025-09-02,115117
2025-09-03,138917
2025-09-04,100764
2025-09-05,297580
2025-09-06,269589
2025-09-07,442575
2025-09-08,85405
2025-09-09,124599
2025-09-10,106070
2025-09-11,114876
2025-09-12,125198
2025-09-13,145724
2025-09-14,150355
2025-09-15,172690
2025-09-16,157467
2025-09-17,156334
2025-09-18,132420
2025-09-19,204121
2025-09-20,261604
2025-09-21,333558
2025-09-22,139599
2025-09-23,135248
2025-09-24,72204
2025-09-25,85482
2025-09-26,69023
2025-09-27,117463
2025-09-28,151841
2025-09-29,180370
2025-09-30,164677
2025-10-01,183396
2025-10-02,201234
2025-10-03,104933
2025-10-04,269916
2025-10-05,232749
2025-10-06,296486
2025-10-07,284373
2025-10-08,282354
2025-10-09,98625
2025-10-10,337390
2025-10-11,343143
2025-10-12,387533
2025-10-13,96580
2025-10-14,122556
2025-10-15,202642
2025-10-16,228001
2025-10-17,91230
2025-10-18,117269
2025-10-19,157152
2025-10-20,69468
2025-10-21,117190
2025-10-22,84535
2025-10-23,166275
2025-10-24,117872
2025-10-25,126703
2025-10-26,163343
2025-10-27,159776
2025-10-28,154833
2025-10-29,140608
2025-10-30,160746
2025-10-31,148234
2025-11-01,160123
2025-11-02,99060
2025-11-03,193515
2025-11-04,302091
2025-11-05,254096
2025-11-06,112451
2025-11-07,182067
2025-11-08,309600
2025-11-09,361125
2025-11-10,76414
2025-11-11,69815
2025-11-12,160626
2025-11-13,203012
2025-11-14,347422
2025-11-15,298645
2025-11-16,457143
2025-11-17,93848
2025-11-18,107609
2025-11-19,103184
2025-11-20,94682
2025-11-21,73401
2025-11-22,126646
2025-11-23,153877
2025-11-24,327174
2025-11-25,281668
2025-11-26,338527
2025-11-27,302678
2025-11-28,83458
2025-11-29,327734
2025-11-30,409375
2025-12-01,399330
2025-12-02,284038
2025-12-03,60783
2025-12-04,543585
2025-12-05,533766
2025-12-06,497772
2025-12-07,575061
2025-12-08,119553
2025-12-09,68499
2025-12-10,67765
2025-12-11,836900
2025-12-12,813884
2025-12-13,880718
2025-12-14,995700
2025-12-15,75226
2025-12-16,76637
2025-12-17,118252
2025-12-18,103621
2025-12-19,137918
2025-12-20,149626
2025-12-21,108790
2025-12-22,107617
2025-12-23,120108
2025-12-24,115663
2025-12-25,58488
2025-12-26,102941
2025-12-27,102456
2025-12-28,105106
2025-12-29,65701
2025-12-30,71128
2025-12-31,50566
2026-01-01,31941
2026-01-02,77322
2026-01-03,99090
2026-01-04,84183
2026-01-05,86819
2026-01-06,81646
2026-01-07,107155
2026-01-08,81167
2026-01-09,113831
2026-01-10,325347
2026-01-11,137537
2026-01-12,103446
2026-01-13,197960
2026-01-14,271891
2026-01-15,245818
2026-01-16,276769
2026-01-17,239279
2026-01-18,254039
2026-01-19,124095
2026-01-20,105161
2026-01-21,183082
2026-01-22,308377
2026-01-23,439151
2026-01-24,446044
2026-01-25,525765
2026-01-26,104933
2026-01-27,160543
2026-01-28,365592
2026-01-29,326209
2026-01-30,364334
2026-01-31,580779
2026-02-01,557501
2026-02-02,567593
2026-02-03,546481
2026-02-04,127468
2026-02-05,163443
2026-02-06,389539
2026-02-07,651479
2026-02-08,677224
2026-02-09,112062
2026-02-10,98564
2026-02-11,126290
2026-02-12,135885
2026-02-13,107893
2026-02-14,241089
2026-02-15,294889
2026-02-16,351382
2026-02-17,308319
2026-02-18,282287
2026-02-19,117805
2026-02-20,363912
2026-02-21,362353
2026-02-22,548654
2026-02-23,228421
2026-02-24,122703
2026-02-25,150149
2026-02-26,177765
2026-02-27,159031
2026-02-28,133183
2026-03-01,193220
2026-03-02,248097
2026-03-03,222780
2026-03-04,205463
2026-03-05,241936
2026-03-06,244916
2026-03-07,246544
2026-03-08,284944
2026-03-09,246382
2026-03-10,240415
2026-03-11,172127
2026-03-12,193228
2026-03-13,372849
2026-03-14,333507
2026-03-15,568924
2026-03-16,236336
2026-03-17,181953
2026-03-18,262371
2026-03-19,312953
2026-03-20,385793
2026-03-21,352222
2026-03-22,299200
2026-03-23,442380
2026-03-24,182810
2026-03-25,145333
2026-03-26,135011
2026-03-27,453692
2026-03-28,439792
2026-03-29,487071
2026-03-30,115144
2026-03-31,132662
2026-04-01,156050
2026-04-02,121631
2026-04-03,167232
2026-04-04,188883
2026-04-05,276437
2026-04-06,229001
2026-04-07,181336
2026-04-08,189705
2026-04-09,230086
2026-04-10,227212
